id,empid,empname,salaryid
sal12345,emp12345,John Doe,1
sal12346,emp12346,Jane Smith,2
sal12347,emp12347,James Brown,3
sal12348,emp12348,Emily Davis,4
sal12349,emp12349,Michael Wilson,6
sal12350,emp12350,Olivia Taylor,5
sal12351,emp12351,William Anderson,8
sal12352,emp12352,Isabella Thomas,10
sal12353,emp12353,Matthew Jackson,7
sal12354,emp12354,Sophia White,9
sal12355,emp12355,David Harris,11
sal12356,emp12356,Anna Lee,12
sal12357,emp12357,Robert Clark,13
sal12358,emp12358,Lisa Harris,14
sal12359,emp12359,Daniel Walker,15
sal12360,emp12360,Jessica Young,16
sal12361,emp12361,Christopher King,17
sal12362,emp12362,Charlotte Scott,18
sal12363,emp12363,Matthew Allen,19
sal12364,emp12364,Katherine White,20
sal12365,emp12365,Daniel Wright,21
sal12366,emp12366,James Turner,22
sal12367,emp12367,Elizabeth Lee,23
sal12368,emp12368,Joshua Moore,24
sal12369,emp12369,Nicole Martinez,25
sal12370,emp12370,Samuel Garcia,26
sal12371,emp12371,Anna Robinson,27
sal12372,emp12372,Michael Nelson,28
sal12373,emp12373,Karen Perez,29
sal12374,emp12374,Robert Brown,30
